DateTime,vuser,Tests,Errors,Mean_Test_Time_(ms),Test_Time_Standard_Deviation_(ms),TPS,Mean_response_length,Response_bytes_per_second,Response_errors,Mean_time_to_resolve_host,Mean_time_to_establish_connection,Mean_time_to_first_byte
2017-06-16 05:50:03,1,25,0,78.72,50.822,12.5,62744,784300,0,4.84,5.32,75.04
2017-06-16 05:50:05,1,34,0,71.618,18.465,17,62744,1066648,0,0.294,0.735,69.971
2017-06-16 05:50:07,1,29,0,67.69,16.918,14.5,62744,909788,0,0.276,0.897,66.414
2017-06-16 05:50:09,1,29,0,69.862,19.805,14.5,62744,909788,0,0.069,0.724,69.034
2017-06-16 05:50:11,1,28,0,70.536,15.417,14,62744,878416,0,0.464,1.107,69.393
2017-06-16 05:50:13,1,28,0,70.429,16.433,14,62744,878416,0,1.036,1.536,69.393
2017-06-16 05:50:15,1,25,0,77.48,28.344,12.5,62744,784300,0,0.16,0.6,75.64
2017-06-16 05:50:17,1,16,0,93.25,27.396,8,62744,501952,0,0.312,1.5,92.188
2017-06-16 05:50:19,1,26,0,94.423,29.841,13,62744,815672,0,0.077,0.692,93.038
2017-06-16 05:50:21,1,23,0,87.217,35.082,11.5,62744,721556,0,0.217,1.217,85.87
2017-06-16 05:50:23,1,29,0,68.414,16.168,14.5,62744,909788,0,0.069,0.552,67.552
2017-06-16 05:50:25,1,20,0,69.65,16.719,10,62744,627440,0,1.35,1.95,68.15
2017-06-16 05:50:27,1,22,0,95.182,30.911,11,62744,690184,0,0.136,0.955,94.5
2017-06-16 05:50:29,1,23,0,84.652,32.724,11.5,62744,721556,0,0.043,0.783,83.043
2017-06-16 05:50:31,1,25,0,79.72,28.163,12.5,62744,784300,0,0.12,0.88,78.76
2017-06-16 05:50:33,1,22,0,90.682,25.171,11,62744,690184,0,0.182,0.409,89.364
2017-06-16 05:50:35,1,22,0,87.909,36.257,11,62744,690184,0,0.136,0.727,87.182
2017-06-16 05:50:37,1,21,0,96.762,31.32,10.5,62744,658812,0,0.143,0.714,95.381
2017-06-16 05:50:39,1,29,0,67.897,15.318,14.5,62744,909788,0,0.655,1.448,67.276
2017-06-16 05:50:41,1,29,0,69.241,18.792,14.5,62744,909788,0,0.448,0.793,68.69
2017-06-16 05:50:43,1,27,0,71.667,17.603,13.5,62744,847044,0,0.704,1.222,70.778
2017-06-16 05:50:45,1,31,0,64,14.359,15.5,62744,972532,0,0.129,0.484,63.387
2017-06-16 05:50:47,1,29,0,69.724,24.417,14.5,62744,909788,0,0.241,0.897,69.034
2017-06-16 05:50:49,1,28,0,69.393,20.439,14,62744,878416,0,0.179,0.5,68.5
2017-06-16 05:50:51,1,29,0,69,24.746,14.5,62744,909788,0,0.724,1.241,68.414
2017-06-16 05:50:53,1,30,0,66.167,16.137,15,62744,941160,0,0.133,0.5,65.633
2017-06-16 05:50:55,1,29,0,68.483,15.941,14.5,62744,909788,0,0.172,0.586,67.69
2017-06-16 05:50:57,1,26,0,76.231,26.398,13,62744,815672,0,0.269,0.577,75.692
2017-06-16 05:50:59,1,24,0,81.25,28.415,12,62744,752928,0,0.25,0.75,80.375
2017-06-16 05:51:01,1,20,0,98.3,39.013,10,62744,627440,0,0.4,0.8,97.3
2017-06-16 05:51:03,1,24,0,83.958,27.489,12,62744,752928,0,0.25,0.583,83.5
2017-06-16 05:51:05,1,10,0,200.8,67.253,5,62744,313720,0,5.1,5.6,199.5
2017-06-16 05:51:07,1,21,0,92.286,24.243,10.5,62744,658812,0,0.048,0.619,91.81
2017-06-16 05:51:09,1,26,0,78.654,22.576,13,62744,815672,0,0.269,1.269,78.231
2017-06-16 05:51:11,1,19,0,104.526,47.223,9.5,62744,596068,0,0.105,1.053,103.895
2017-06-16 05:51:13,1,19,0,99.579,39.9,9.5,62744,596068,0,0.105,0.737,99.421
2017-06-16 05:51:15,1,22,0,95.227,26.624,11,62744,690184,0,0.045,0.545,94.5
2017-06-16 05:51:17,1,18,0,108.5,50.189,9,62744,564696,0,0.222,0.889,107.611
2017-06-16 05:51:19,1,15,0,135.067,35.582,7.5,62744,470580,0,0.067,1.133,133.867
2017-06-16 05:51:21,1,16,0,121.25,34.128,8,62744,501952,0,1.5,2,120.688
2017-06-16 05:51:23,1,19,0,103.947,30.523,9.5,62744,596068,0,0.105,0.474,103.474
2017-06-16 05:51:25,1,20,0,100.1,31.739,10,62744,627440,0,0.25,0.85,99.65
2017-06-16 05:51:27,1,23,0,88.435,41.161,11.5,62744,721556,0,0.174,0.391,88.261
2017-06-16 05:51:29,1,11,0,176.545,32.337,5.5,62744,345092,0,0.091,0.455,175.091
2017-06-16 05:51:31,1,10,0,185.1,41.817,5,62744,313720,0,0.5,0.8,183.8
2017-06-16 05:51:33,1,12,0,180.083,51.531,6,62744,376464,0,0.083,0.917,179.167
2017-06-16 05:51:35,1,13,0,152.923,36.701,6.5,62744,407836,0,0,0.769,152
2017-06-16 05:51:37,1,10,0,193.8,54.371,5,62744,313720,0,0.1,0.5,193.3
2017-06-16 05:51:39,1,23,0,90.043,39.259,11.5,62744,721556,0,0,0.609,89.391
2017-06-16 05:51:41,1,19,0,101,43.981,9.5,62744,596068,0,0,0.632,100.421
2017-06-16 05:51:43,1,28,0,73.429,21.121,14,62744,878416,0,0.679,1,72.679
2017-06-16 05:51:45,1,31,0,63.871,16.066,15.5,62744,972532,0,0.097,0.548,63.452
2017-06-16 05:51:47,1,28,0,71.143,17.826,14,62744,878416,0,0.071,0.321,70.536
2017-06-16 05:51:49,1,23,0,87,28.795,11.5,62744,721556,0,0.043,0.565,86.174
2017-06-16 05:51:51,1,27,0,72.296,22.629,13.5,62744,847044,0,0.185,0.815,71.926
2017-06-16 05:51:53,1,28,0,72.071,15.691,14,62744,878416,0,0.071,0.536,71.536
2017-06-16 05:51:55,1,28,0,68.25,11.846,14,62744,878416,0,0.929,1.321,67.5
2017-06-16 05:51:57,1,25,0,77.44,25.044,12.5,62744,784300,0,0.04,0.56,76.56
2017-06-16 05:51:59,1,22,0,94.909,30.186,11,62744,690184,0,0.182,0.545,94.045
2017-06-16 05:52:01,1,25,0,77.08,19.116,12.5,62744,784300,0,0.04,0.64,76.44
2017-06-16 05:52:03,1,27,0,73.259,16.679,13.5,62744,847044,0,0.037,0.37,72.963
2017-06-16 05:52:05,1,16,0,118,53.605,8,62744,501952,0,0.188,0.812,117.25
2017-06-16 05:52:07,1,20,0,108.95,73.171,10,62744,627440,0,0.15,0.65,108.35
2017-06-16 05:52:09,1,29,0,67.793,15.027,14.5,62744,909788,0,1.31,1.655,67.345
2017-06-16 05:52:11,1,31,0,64.581,13.847,15.5,62744,972532,0,0.032,0.323,64.161
2017-06-16 05:52:13,1,22,0,88.364,38.627,11,62744,690184,0,0,0.364,87.5
2017-06-16 05:52:15,1,30,0,65.767,11.991,15,62744,941160,0,0.033,0.533,65.267
2017-06-16 05:52:17,1,29,0,68.724,21.989,14.5,62744,909788,0,0.517,0.966,68.31
2017-06-16 05:52:19,1,28,0,68.821,18,14,62744,878416,0,0.071,0.321,68.393
2017-06-16 05:52:21,1,26,0,77.731,38.039,13,62744,815672,0,0.115,0.577,76.846
2017-06-16 05:52:23,1,31,0,65,15.935,15.5,62744,972532,0,0.065,0.452,64.452
2017-06-16 05:52:25,1,30,0,65,13.919,15,62744,941160,0,0.1,0.367,64.3
2017-06-16 05:52:27,1,31,0,65.452,12.08,15.5,62744,972532,0,0.129,0.452,64.839
2017-06-16 05:52:29,1,29,0,67.138,19.734,14.5,62744,909788,0,0.483,0.793,66.172
2017-06-16 05:52:31,1,30,0,66.833,18.995,15,62744,941160,0,0.133,0.467,66.3
2017-06-16 05:52:33,1,29,0,67.862,14.202,14.5,62744,909788,0,0.103,0.448,67
2017-06-16 05:52:35,1,30,0,65.967,15.409,15,62744,941160,0,0.1,0.533,65.433
2017-06-16 05:52:37,1,30,0,66.533,15.834,15,62744,941160,0,0.567,0.933,65.5
2017-06-16 05:52:39,1,26,0,76.885,21.95,13,62744,815672,0,0.115,0.538,76.462
2017-06-16 05:52:41,1,17,0,119.588,38.208,8.5,62744,533324,0,0,0.941,119.059
2017-06-16 05:52:43,1,17,0,115.882,38.68,8.5,62744,533324,0,0.235,0.765,115
2017-06-16 05:52:45,1,19,0,105.579,26.432,9.5,62744,596068,0,0.105,0.474,105.105
2017-06-16 05:52:47,1,16,0,119.812,35.644,8,62744,501952,0,0.25,0.75,118.625
2017-06-16 05:52:49,1,21,0,97.143,36.097,10.5,62744,658812,0,0.143,0.571,96.667
2017-06-16 05:52:51,1,30,0,66.633,16.71,15,62744,941160,0,0.1,0.533,65.333
2017-06-16 05:52:53,1,30,0,66.6,19.551,15,62744,941160,0,0.433,0.833,66.033
